Subject,Accuracy
0,33.33333333333332
1,75.0
2,22.222222222222218
3,52.77777777777777
4,41.666666666666664
5,5.5555555555555545
6,0.0
7,8.333333333333334
8,13.888888888888886
9,44.444444444444436
10,30.555555555555554
11,2.7777777777777772
12,72.22222222222223
13,50.0
14,44.444444444444436
15,8.333333333333332
