Subject,Accuracy
0,72.22222222222221
1,94.44444444444446
2,94.44444444444446
3,69.44444444444446
4,91.66666666666667
5,94.44444444444444
6,97.22222222222223
7,80.55555555555554
8,88.8888888888889
9,86.11111111111113
10,75.0
11,97.22222222222223
12,76.19047619047619
13,83.33333333333334
14,94.44444444444446
15,85.71428571428571
16,100.0
17,88.8888888888889
