Subject,Accuracy
0,33.33333333333333
1,75.0
2,22.22222222222222
3,52.77777777777778
4,41.66666666666667
5,5.555555555555555
6,0.0
7,8.333333333333332
8,13.88888888888889
9,44.44444444444444
10,30.555555555555557
11,2.7777777777777777
12,72.22222222222221
13,50.0
14,44.44444444444444
15,8.333333333333332
